{
    "data": {
      "klasses_list": [
        {
          "id": 7,
          "klass": "5",
          "klass_int": 5
        },
        {
          "id": 8,
          "klass": "6",
          "klass_int": 6
        },
        {
          "id": 9,
          "klass": "7",
          "klass_int": 7
        },
        {
          "id": 1,
          "klass": "8",
          "klass_int": 8
        },
        {
          "id": 2,
          "klass": "9",
          "klass_int": 9
        },
        {
          "id": 3,
          "klass": "10",
          "klass_int": 10
        },
        {
          "id": 4,
          "klass": "11",
          "klass_int": 11
        },
        {
          "id": 5,
          "klass": "12",
          "klass_int": 12
        },
        {
          "id": 6,
          "klass": "12+",
          "klass_int": 13
        }
      ],
      "city_list": [
        "Adilabad",
        "Agartala",
        "Agra",
        "Ahmedabad",
        "Ahmednagar",
        "Aizawl",
        "Ajmer",
        "Akola",
        "Alappuzha",
        "Aligarh",
        "Alirajpur",
        "Allahabad",
        "Almora",
        "Alwar",
        "Ambala",
        "Ambedkar Nagar",
        "Amethi (Chatrapati Sahuji Mahraj Nagar)",
        "Amravati",
        "Amreli",
        "Amritsar",
        "Amroha (J.P. Nagar)",
        "Anand",
        "Anantapur",
        "Anantnag",
        "Angul",
        "Anjaw",
        "Anuppur",
        "Araria",
        "Aravalli",
        "Ariyalur",
        "Arwal",
        "Asansol",
        "Ashoknagar",
        "Auraiya",
        "Aurangabad",
        "Azamgarh",
        "Bagalkot",
        "Bageshwar",
        "Baghpat",
        "Bahraich",
        "Baksa",
        "Balaghat",
        "Balangir",
        "Balasore",
        "Ballia",
        "Balod",
        "Baloda Bazar",
        "Balrampur",
        "Banaskantha (Palanpur)",
        "Banda",
        "Bandipora",
        "Bangalore Rural",
        "Bangalore Urban",
        "Banka",
        "Bankura",
        "Banswara",
        "Barabanki",
        "Baramulla",
        "Baran",
        "Bareilly",
        "Bargarh",
        "Barmer",
        "Barnala",
        "Barpeta",
        "Barwani",
        "Bastar",
        "Basti",
        "Bathinda",
        "Beed",
        "Begusarai",
        "Belgaum",
        "Bellary",
        "Bemetara",
        "Bengaluru",
        "Berhampur",
        "Betul",
        "Bhadrak",
        "Bhagalpur",
        "Bhandara",
        "Bharatpur",
        "Bharuch",
        "Bhavnagar",
        "Bhilai",
        "Bhilwara",
        "Bhind",
        "Bhiwani",
        "Bhojpur",
        "Bhopal",
        "Bhubaneswar",
        "Bidar",
        "Bijapur",
        "Bijnor",
        "Bikaner",
        "Bilaspur",
        "Birbhum",
        "Bishnupur",
        "Bokaro",
        "Bongaigaon",
        "Botad",
        "Boudh",
        "Budaun",
        "Budgam",
        "Bulandshahr",
        "Buldhana",
        "Bundi",
        "Burdwan (Bardhaman)",
        "Burhanpur",
        "Buxar",
        "Cachar",
        "Central Delhi",
        "Chamarajanagar",
        "Chamba",
        "Chamoli",
        "Champawat",
        "Champhai",
        "Chandauli",
        "Chandel",
        "Chandigarh",
        "Chandrapur",
        "Changlang",
        "Chatra",
        "Chennai",
        "Chhatarpur",
        "Chhindwara",
        "Chhota Udepur",
        "Chickmagalur",
        "Chikballapur",
        "Chirang",
        "Chitradurga",
        "Chitrakoot",
        "Chittoor",
        "Chittorgarh",
        "Churachandpur",
        "Churu",
        "Coimbatore",
        "Cooch Behar",
        "Cuddalore",
        "Cuddapah",
        "Cuttack",
        "Dadar and Nagar Haveli",
        "Dahod",
        "Dakshina Kannada",
        "Dakshin Dinajpur (South Dinajpur)",
        "Daman",
        "Damoh",
        "Dangs (Ahwa)",
        "Dantewada (South Bastar)",
        "Darbhanga",
        "Darjeeling",
        "Darrang",
        "Datia",
        "Dausa",
        "Davangere",
        "Dehradun",
        "Delhi",
        "Deogarh",
        "Deoghar",
        "Deoria",
        "Devbhoomi Dwarka",
        "Dewas",
        "Dhalai",
        "Dhamtari",
        "Dhanbad",
        "Dhar",
        "Dharmapuri",
        "Dharwad",
        "Dhemaji",
        "Dhenkanal",
        "Dholpur",
        "Dhubri",
        "Dhule",
        "Dibang Valley",
        "Dibrugarh",
        "Dima Hasao",
        "Dimapur",
        "Dindigul",
        "Dindori",
        "Diu",
        "Doda",
        "Dubai",
        "Dumka",
        "Dungarpur",
        "Durg",
        "Durgapur",
        "East Champaran (Motihari)",
        "East Delhi",
        "East Garo Hills",
        "East Godavari",
        "East Jaintia Hills",
        "East Kameng",
        "East Khasi Hills",
        "East Siang",
        "East Sikkim",
        "East Singhbhum",
        "Ernakulam",
        "Erode",
        "Etah",
        "Etawah",
        "Faizabad",
        "Faridabad",
        "Faridkot",
        "Farrukhabad",
        "Fatehabad",
        "Fatehgarh Sahib",
        "Fatehpur",
        "Ferozepur",
        "Firozabad",
        "Gadag",
        "Gadchiroli",
        "Gajapati",
        "Ganderbal",
        "Gandhinagar",
        "Ganjam",
        "Garhwa",
        "Gariaband",
        "Gautam Buddha Nagar",
        "Gautam Buddh Nagar",
        "Gaya",
        "Ghaziabad",
        "Ghazipur",
        "Giridih",
        "Gir Somnath",
        "Goalpara",
        "Godda",
        "Golaghat",
        "Gonda",
        "Gondia",
        "Gopalganj",
        "Gorakhpur",
        "Gulbarga",
        "Gumla",
        "Guna",
        "Guntur",
        "Gurdaspur",
        "Gurgaon",
        "Guwahati",
        "Gwalior",
        "Hailakandi",
        "Haldwani",
        "Hamirpur",
        "Hanumangarh",
        "Hapur (Panchsheel Nagar)",
        "Harda",
        "Hardoi",
        "Haridwar",
        "Hassan",
        "Hathras",
        "Haveri",
        "Hazaribag",
        "Hingoli",
        "Hisar",
        "Hooghly",
        "Hoshangabad",
        "Hoshiarpur",
        "Howrah",
        "Hyderabad",
        "Idukki",
        "Imphal East",
        "Imphal West",
        "Indore",
        "Jabalpur",
        "Jagatsinghapur",
        "Jaipur",
        "Jaisalmer",
        "Jajpur",
        "Jalandhar",
        "Jalaun",
        "Jalgaon",
        "Jalna",
        "Jalore",
        "Jalpaiguri",
        "Jammu",
        "Jamnagar",
        "Jamshedpur",
        "Jamtara",
        "Jamui",
        "Janjgir-Champa",
        "Jashpur",
        "Jaunpur",
        "Jehanabad",
        "Jhabua",
        "Jhajjar",
        "Jhalawar",
        "Jhansi",
        "Jharsuguda",
        "Jhunjhunu",
        "Jind",
        "Jodhpur",
        "Jorhat",
        "Junagadh",
        "Kabirdham (Kawardha)",
        "Kachchh",
        "Kadapa",
        "Kaimur (Bhabua)",
        "Kaithal",
        "Kakinada",
        "Kalahandi",
        "Kamrup",
        "Kamrup Metropolitan",
        "Kanchipuram",
        "Kandhamal",
        "Kangra",
        "Kanker (North Bastar)",
        "Kannauj",
        "Kannur",
        "Kanpur",
        "Kanpur Dehat",
        "Kanpur Nagar",
        "Kanshiram Nagar (Kasganj)",
        "Kanyakumari",
        "Kapurthala",
        "Karaikal",
        "Karauli",
        "Karbi Anglong",
        "Kargil",
        "Karimganj",
        "Karimnagar",
        "Karnal",
        "Karur",
        "Kasaragod",
        "Kathua",
        "Katihar",
        "Katni",
        "Kaushambi",
        "Kendrapara",
        "Kendujhar (Keonjhar)",
        "Khagaria",
        "Khammam",
        "Khandwa",
        "Kharagpur",
        "Khargone",
        "Kheda (Nadiad)",
        "Khordha",
        "Khunti",
        "Kinnaur",
        "Kiphire",
        "Kishanganj",
        "Kishtwar",
        "Kochi",
        "Kodagu",
        "Koderma",
        "Kohima",
        "Kokrajhar",
        "Kolar",
        "Kolasib",
        "Kolhapur",
        "Kolkata",
        "Kollam",
        "Kondagaon",
        "Koppal",
        "Koraput",
        "Korba",
        "Korea (Koriya)",
        "Kota",
        "Kottayam",
        "Kozhikode",
        "Krishna",
        "Krishnagiri",
        "Kulgam",
        "Kullu",
        "Kupwara",
        "Kurnool",
        "Kurukshetra",
        "Kurung Kumey",
        "Kushinagar (Padrauna)",
        "Lahaul & Spiti",
        "Lakhimpur",
        "Lakhimpur - Kheri",
        "Lakhisarai",
        "Lakshadweep",
        "Lalitpur",
        "Latehar",
        "Latur",
        "Lawngtlai",
        "Leh",
        "Lohardaga",
        "Lohit",
        "Longding",
        "Longleng",
        "Lower Dibang Valley",
        "Lower Subansiri",
        "Lucknow",
        "Ludhiana",
        "Lunglei",
        "Madhepura",
        "Madhubani",
        "Madurai",
        "Mahabubnagar",
        "Maharajganj",
        "Mahasamund",
        "Mahe",
        "Mahendragarh",
        "Mahisagar",
        "Mahoba",
        "Mainpuri",
        "Malappuram",
        "Malda",
        "Malkangiri",
        "Mamit",
        "Mandi",
        "Mandla",
        "Mandsaur",
        "Mandya",
        "Mangalore",
        "Mansa",
        "Mathura",
        "Mau",
        "Mayurbhanj",
        "Medak",
        "Meerut",
        "Mehsana",
        "Mewat",
        "Mirzapur",
        "Moga",
        "Mokokchung",
        "Mon",
        "Moradabad",
        "Morbi",
        "Morena",
        "Morigaon",
        "Muktsar",
        "Mumbai",
        "Mumbai Suburban",
        "Mungeli",
        "Munger (Monghyr)",
        "Murshidabad",
        "Muzaffarnagar",
        "Muzaffarpur",
        "Mysore",
        "Nabarangpur",
        "Nadia",
        "Nagaon",
        "Nagapattinam",
        "Nagaur",
        "Nagpur",
        "Nainital",
        "Nalanda",
        "Nalbari",
        "Nalgonda",
        "Namakkal",
        "Nanded",
        "Nandurbar",
        "Narayanpur",
        "Narmada (Rajpipla)",
        "Narsinghpur",
        "Nashik",
        "Navsari",
        "Nawada",
        "Nawanshahr",
        "Nayagarh",
        "Neemuch",
        "Nellore",
        "New Delhi",
        "Nicobar",
        "Nilgiris",
        "Nizamabad",
        "Noida",
        "North 24 Parganas",
        "North and Middle Andaman",
        "North Delhi",
        "North East Delhi",
        "North Garo Hills",
        "North Goa",
        "North Sikkim",
        "North Tripura",
        "North West Delhi",
        "Nuapada",
        "Osmanabad",
        "Pakur",
        "Palakkad",
        "Palamu",
        "Pali",
        "Palwal",
        "Panchkula",
        "Panchmahal (Godhra)",
        "Panipat",
        "Panna",
        "Papum Pare",
        "Parbhani",
        "Paschim Medinipur (West Medinipur)",
        "Patan",
        "Pathanamthitta",
        "Pathankot",
        "Patiala",
        "Patna",
        "Pauri Garhwal",
        "Perambalur",
        "Peren",
        "Phek",
        "Pilibhit",
        "Pithoragarh",
        "Pondicherry",
        "Poonch",
        "Porbandar",
        "Prakasam",
        "Pratapgarh",
        "Pudukkottai",
        "Pulwama",
        "Pune",
        "Purba Medinipur (East Medinipur)",
        "Puri",
        "Purnia (Purnea)",
        "Purulia",
        "RaeBareli",
        "Raichur",
        "Raigad",
        "Raigarh",
        "Raipur",
        "Raisen",
        "Rajgarh",
        "Rajkot",
        "Rajnandgaon",
        "Rajouri",
        "Rajsamand",
        "Ramanathapuram",
        "Ramban",
        "Ramgarh",
        "Ramnagara",
        "Rampur",
        "Ranchi",
        "Rangareddy",
        "Ranga Reddy",
        "Ratlam",
        "Ratnagiri",
        "Rayagada",
        "Reasi",
        "Rewa",
        "Rewari",
        "Ri Bhoi",
        "Rohtak",
        "Rohtas",
        "Roorkee",
        "Rourkela",
        "Rudraprayag",
        "Rupnagar",
        "Sabarkantha (Himmatnagar)",
        "Sagar",
        "Saharanpur",
        "Saharsa",
        "Sahibganj",
        "Saiha",
        "Salem",
        "Samastipur",
        "Samba",
        "Sambalpur",
        "Sambhal (Bhim Nagar)",
        "Sangli",
        "Sangrur",
        "Sant Kabir Nagar",
        "Sant Ravidas Nagar",
        "Saran",
        "SAS Nagar (Mohali)",
        "Satara",
        "Satna",
        "Sawai Madhopur",
        "Sehore",
        "Senapati",
        "Seoni",
        "Sepahijala",
        "Seraikela-Kharsawan",
        "Serchhip",
        "Shahdol",
        "Shahjahanpur",
        "Shajapur",
        "Shamali (Prabuddh Nagar)",
        "Sheikhpura",
        "Sheohar",
        "Sheopur",
        "Shillong",
        "Shimla",
        "Shimoga",
        "Shivpuri",
        "Shopian",
        "Shravasti",
        "Siddharth Nagar",
        "Sidhi",
        "Sikar",
        "Siliguri",
        "Simdega",
        "Sindhudurg",
        "Singrauli",
        "Sirmaur (Sirmour)",
        "Sirohi",
        "Sirsa",
        "Sitamarhi",
        "Sitapur",
        "Sivaganga",
        "Sivasagar",
        "Siwan",
        "Solan",
        "Solapur",
        "Sonbhadra",
        "Sonepur",
        "Sonipat",
        "Sonitpur",
        "South 24 Parganas",
        "South Andaman",
        "South Delhi",
        "South East Delhi",
        "South Garo Hills",
        "South Goa",
        "South Sikkim",
        "South Tripura",
        "South West Delhi",
        "South West Garo Hills",
        "South West Khasi Hills",
        "Sri Ganganagar",
        "Srikakulam",
        "Srinagar",
        "Sukma",
        "Sultanpur",
        "Sundargarh",
        "Supaul",
        "Surajpur",
        "Surat",
        "Surendranagar",
        "Surguja",
        "Tamenglong",
        "Tapi (Vyara)",
        "Tarn Taran",
        "Tawang",
        "Tehri Garhwal",
        "Thane",
        "Thanjavur",
        "Theni",
        "Thiruvananthapuram",
        "Thoothukudi (Tuticorin)",
        "Thoubal",
        "Thrissur",
        "Tikamgarh",
        "Tinsukia",
        "Tirap",
        "Tiruchirappalli",
        "Tirunelveli",
        "Tirupati",
        "Tiruppur",
        "Tiruvallur",
        "Tiruvannamalai",
        "Tiruvarur",
        "Tonk",
        "Trivandrum",
        "Tuensang",
        "Tumkur",
        "Udaipur",
        "Udalguri",
        "Udhampur",
        "Udham Singh Nagar",
        "Udupi",
        "Ujjain",
        "Ukhrul",
        "Umaria",
        "Una",
        "Unakoti",
        "Unnao",
        "Upper Siang",
        "Upper Subansiri",
        "Uttara Kannada (Karwar)",
        "Uttar Dinajpur (North Dinajpur)",
        "Uttarkashi",
        "Vadodara",
        "Vaishali",
        "Valsad",
        "Varanasi",
        "Vellore",
        "Vidisha",
        "Vijaywada",
        "Viluppuram",
        "Virudhunagar",
        "Vishakhapatnam",
        "Vizianagaram",
        "Warangal",
        "Wardha",
        "Washim",
        "Wayanad",
        "West Champaran",
        "West Delhi",
        "West Garo Hills",
        "West Godavari",
        "West Jaintia Hills",
        "West Kameng",
        "West Khasi Hills",
        "West Siang",
        "West Sikkim",
        "West Singhbhum",
        "West Tripura",
        "Wokha",
        "Yadgir",
        "Yamunanagar",
        "Yanam",
        "Yavatmal",
        "Zunheboto"
      ],
      "country_list": [
        {
          "name": "Afghanistan",
          "iso_code": "AF",
          "phone_code": 93
        },
        {
          "name": "Argentina",
          "iso_code": "AR",
          "phone_code": 54
        },
        {
          "name": "Australia",
          "iso_code": "AU",
          "phone_code": 61
        },
        {
          "name": "Austria",
          "iso_code": "AT",
          "phone_code": 43
        },
        {
          "name": "Bahrain",
          "iso_code": "BH",
          "phone_code": 973
        },
        {
          "name": "Bangladesh",
          "iso_code": "BD",
          "phone_code": 880
        },
        {
          "name": "Belgium",
          "iso_code": "BE",
          "phone_code": 32
        },
        {
          "name": "Bhutan",
          "iso_code": "BT",
          "phone_code": 975
        },
        {
          "name": "Canada",
          "iso_code": "CA",
          "phone_code": 1
        },
        {
          "name": "China",
          "iso_code": "CN",
          "phone_code": 86
        },
        {
          "name": "Hong Kong",
          "iso_code": "HK",
          "phone_code": 852
        },
        {
          "name": "Hungary",
          "iso_code": "HU",
          "phone_code": 36
        },
        {
          "name": "India",
          "iso_code": "IN",
          "phone_code": 91
        },
        {
          "name": "Japan",
          "iso_code": "JP",
          "phone_code": 81
        },
        {
          "name": "Kuwait",
          "iso_code": "KW",
          "phone_code": 965
        },
        {
          "name": "Malaysia",
          "iso_code": "MY",
          "phone_code": 60
        },
        {
          "name": "Maldives",
          "iso_code": "MV",
          "phone_code": 960
        },
        {
          "name": "Nepal",
          "iso_code": "NP",
          "phone_code": 977
        },
        {
          "name": "New Zealand",
          "iso_code": "NZ",
          "phone_code": 64
        },
        {
          "name": "Oman",
          "iso_code": "OM",
          "phone_code": 968
        },
        {
          "name": "Pakistan",
          "iso_code": "PK",
          "phone_code": 92
        },
        {
          "name": "Qatar",
          "iso_code": "QA",
          "phone_code": 974
        },
        {
          "name": "Saudi Arabia",
          "iso_code": "SA",
          "phone_code": 966
        },
        {
          "name": "Singapore",
          "iso_code": "SG",
          "phone_code": 65
        },
        {
          "name": "South Korea",
          "iso_code": "KR",
          "phone_code": 82
        },
        {
          "name": "Spain",
          "iso_code": "ES",
          "phone_code": 34
        },
        {
          "name": "Sri Lanka",
          "iso_code": "LK",
          "phone_code": 94
        },
        {
          "name": "Switzerland",
          "iso_code": "CH",
          "phone_code": 41
        },
        {
          "name": "Thailand",
          "iso_code": "TH",
          "phone_code": 66
        },
        {
          "name": "United Arab Emirates",
          "iso_code": "AE",
          "phone_code": 971
        },
        {
          "name": "United Kingdom",
          "iso_code": "GB",
          "phone_code": 44
        },
        {
          "name": "United States",
          "iso_code": "US",
          "phone_code": 1
        },
        {
          "name": "Uruguay",
          "iso_code": "UY",
          "phone_code": 598
        }
      ],
      "demo_dates_list": [
        {
          "id": 0,
          "date": "12-19-2022",
          "tag": "TOMORROW"
        },
        {
          "id": 1,
          "date": "12-20-2022",
          "tag": "Tuesday"
        },
        {
          "id": 2,
          "date": "12-21-2022",
          "tag": "Wednesday"
        },
        {
          "id": 3,
          "date": "12-22-2022",
          "tag": "Thursday"
        },
        {
          "id": 4,
          "date": "12-23-2022",
          "tag": "Friday"
        },
        {
          "id": 5,
          "date": "12-24-2022",
          "tag": "Saturday"
        },
        {
          "id": 6,
          "date": "12-25-2022",
          "tag": "Sunday"
        }
      ],
      "demo_time_slots_list": [
        {
          "id": 0,
          "slot": "9am-12pm",
          "disabled": true
        },
        {
          "id": 1,
          "slot": "12pm-3pm",
          "disabled": true
        },
        {
          "id": 2,
          "slot": "3pm-6pm",
          "disabled": true
        },
        {
          "id": 3,
          "slot": "6pm-9pm",
          "disabled": true
        },
        {
          "id": 4,
          "slot": "9pm-11pm",
          "disabled": true
        }
      ],
      "current_page": {
        "screen_id": 364,
        "screen_key": "parent_details",
        "prev_key": null,
        "values": [],
        "popular_values": [],
        "entity": [
          {
            "key": "location",
            "title": "City",
            "sub_title": "",
            "is_optional": false,
            "is_multi_select": false,
            "values": [],
            "popular_values": [],
            "additional_data": {}
          },
          {
            "key": "parent_phone",
            "title": "Parent's phone number",
            "sub_title": "",
            "is_optional": false,
            "is_multi_select": false,
            "values": [],
            "popular_values": [],
            "additional_data": {}
          },
          {
            "key": "parent_email",
            "title": "Parent's email id",
            "sub_title": "",
            "is_optional": true,
            "is_multi_select": false,
            "values": [],
            "popular_values": [],
            "additional_data": {}
          }
        ],
        "is_last_page": false,
        "title": "Help us personalise your child's learning experience",
        "sub_title": "Please fill the details so we can serve you better",
        "label": "Parent Details",
        "prev_cta": "",
        "next_cta": "Submit",
        "final_cta": "",
        "is_multi_select": false,
        "zero_case_message": "",
        "optional_cta": "",
        "additional_cta": "",
        "is_optional": false,
        "show_two_buttons": false
      },
      "campaign_id": 504,
      "selected_values": {
        "parent_phone": "7397763078",
        "parent_country_iso_code": "IN",
        "parent_email": null,
        "location": {
          "name": "Chennai",
          "is_in_default_list": true
        }
      }
    },
    "status": "success",
    "status_code": 200,
    "message": "",
    "error_code": ""
  }